motif,toxic,neutral,anti.tox,pvalues,significant
...F...Y,490,65,8,2.97718417822142e-161,TRUE
C..C..C.,274,17,4,3.94734909886476e-103,TRUE
...CC.C.,266,21,11,6.38918731111534e-92,TRUE
C..C.C..,318,11,1,6.19898821212436e-129,TRUE
.C.C..C.,304,21,3,6.06556339305906e-114,TRUE
......RY,385,132,12,5.05401005740778e-90,TRUE
.C..C.C.,291,15,2,1.9530421534315e-113,TRUE
C.CC....,327,22,7,4.57627485430598e-120,TRUE
...I...F,293,90,8,1.86347650361944e-72,TRUE
......YL,255,115,7,3.68810310819761e-54,TRUE
.Y.....Y,549,70,8,6.97582087071829e-183,TRUE
CY.C....,241,28,3,1.14933499266308e-82,TRUE
.....Y.Y,329,42,5,1.03283458976828e-109,TRUE
...Y..Y.,302,50,2,2.66544844967042e-96,TRUE
CC.....F,199,20,1,2.10146035810894e-71,TRUE
.C.CC...,331,22,3,8.26857733435387e-125,TRUE
.....F.Y,455,52,9,1.46627992563066e-153,TRUE
......LY,299,67,3,2.26838010125115e-86,TRUE
..C.C.C.,257,18,9,1.7260004316357e-91,TRUE
...F..Y.,390,111,4,3.45399628831591e-103,TRUE
C...C..C,218,30,2,1.2437446345743e-72,TRUE
..L....Y,285,56,4,3.90872473225469e-85,TRUE
C.C....C,241,25,5,4.64237888294762e-83,TRUE
...C.CC.,249,20,4,2.18607766812422e-90,TRUE
C..C...F,182,8,5,2.44429327477861e-69,TRUE
C...C.C.,252,28,4,1.4747893714624e-86,TRUE
L......Y,321,85,7,4.75847200375257e-85,TRUE
..CC...Y,131,7,1,3.32551289171099e-51,TRUE
.F..C.C.,191,39,6,1.77295184959788e-54,TRUE
C..CC...,295,26,3,1.0092475392528e-106,TRUE
CC.C....,373,42,1,4.98980675330023e-131,TRUE
......VF,558,191,15,1.29064143188975e-131,TRUE
...V...Y,409,135,9,2.8730716274667e-99,TRUE
....C.CC,221,16,2,1.15801306212114e-82,TRUE
...L...F,281,106,5,1.53846650856392e-65,TRUE
....CCC.,230,26,8,9.24182886166765e-76,TRUE
C.FC....,203,26,0,3.76241603323061e-70,TRUE
L.....Y.,275,135,6,2.04643714007851e-57,TRUE
C.C.C...,294,13,8,1.45851896425442e-111,TRUE
CF.C....,265,50,4,5.28296604164635e-80,TRUE
C..CV...,258,51,2,4.43309089891691e-78,TRUE
C..CF...,201,18,1,1.50898774924362e-73,TRUE
......DF,347,155,8,1.48762253944066e-74,TRUE
FF....F.,148,31,5,8.20967253196501e-42,TRUE
..F....Y,373,68,7,1.50624485283708e-112,TRUE
.F.....Y,543,119,11,8.15676189097978e-154,TRUE
.F.C.C..,235,42,1,6.62795878719123e-74,TRUE
.CC.C...,307,14,4,1.70536627625214e-119,TRUE
.C.C.C..,345,34,2,1.73095815096855e-123,TRUE
...C..Y.,592,222,9,1.69606399470908e-138,TRUE
C.VC....,272,72,9,2.5315502539711e-70,TRUE
.F.C..C.,201,41,6,1.65100230114415e-57,TRUE
.C..C..C,287,26,1,7.80585626212517e-105,TRUE
F.F.C...,216,37,1,9.58559240841059e-69,TRUE
F..F...C,217,53,7,4.84921220637482e-58,TRUE
......YF,317,73,3,8.29287020515662e-91,TRUE
C.C...C.,266,22,8,2.23128088977843e-93,TRUE
...L...Y,273,64,3,1.46865391645785e-77,TRUE
C.CY....,153,14,4,1.39829766435833e-53,TRUE
.C....CC,233,77,2,1.02131318936434e-58,TRUE
.....Y.D,279,143,17,1.10687819397956e-51,TRUE
......FY,300,69,7,2.41857794104962e-83,TRUE
...C...Y,740,163,10,3.1937098317907e-212,TRUE
C.C..C..,284,4,2,5.57320835211711e-119,TRUE
.V.....Y,311,126,12,8.43921611219217e-67,TRUE
.C.C..F.,202,41,3,7.73186021239181e-60,TRUE
C..C.F..,204,21,1,6.97752374462583e-73,TRUE
.C.....Y,779,206,20,1.2938337350574e-203,TRUE
FF..F...,146,25,5,8.19493941307225e-44,TRUE
...Y...Y,337,51,6,2.63260936609483e-107,TRUE
C.YC....,111,17,0,4.14627748765777e-37,TRUE
.....FD.,421,252,17,1.84906615727831e-78,TRUE
F..F..C.,222,60,4,4.07539648583114e-59,TRUE
F.CF....,242,60,4,1.18139337601339e-66,TRUE
.CCC....,389,46,5,2.17129374186065e-132,TRUE
F..CC.C.,68,2,1,8.81635003331676e-28,TRUE
......VY,419,162,12,8.254756958454e-94,TRUE
.C.C...F,193,27,5,6.73247230655033e-62,TRUE
......DC,366,367,60,3.55766087743849e-52,TRUE
C.CF....,200,33,3,6.3392417512974e-63,TRUE
V.....Y.,391,181,14,4.53700993465735e-80,TRUE
F..CC...,324,75,6,9.66563484831207e-91,TRUE
......YY,260,19,3,1.6580061001678e-96,TRUE
CCC.....,354,27,9,1.02605537522849e-126,TRUE
.CF.C...,197,23,3,3.0261220492831e-67,TRUE
.C.C...Y,160,20,2,2.77572979828965e-54,TRUE
...I...Y,254,46,8,6.52538631207297e-75,TRUE
F...C..C,279,51,4,3.98050840544738e-85,TRUE
F..C...F,191,47,3,5.32208264019544e-53,TRUE
.C....CF,167,33,1,5.31559903984516e-51,TRUE
....F.L.,282,154,15,3.0520074624735e-52,TRUE
....H..Y,205,54,7,3.79620699825809e-53,TRUE
CC..C...,309,16,2,1.88007576529129e-120,TRUE
..CC...F,163,29,2,1.17979078738154e-50,TRUE
...I..Y.,213,65,7,2.59991165932971e-52,TRUE
.Y.VY...,71,2,1,4.44235176511924e-29,TRUE
.C..C..V,200,65,5,7.33998077471896e-49,TRUE
F.....VF,122,21,1,8.62776329326933e-39,TRUE
...FC.C.,161,21,2,4.05267691877408e-54,TRUE
...C..CV,189,57,8,1.10581337839687e-45,TRUE
F...C.C.,299,54,2,4.71939802354809e-93,TRUE
F.....CC,265,45,5,8.54469787360282e-82,TRUE
I......Y,243,69,2,6.19710346626701e-65,TRUE
.C.C...L,169,29,3,2.11562485551594e-52,TRUE
F.VF....,189,59,1,3.20277926860614e-49,TRUE
..C.C.F.,145,21,0,6.40314988381386e-49,TRUE
......FF,409,103,9,4.02226764324632e-110,TRUE
.YCC....,189,45,1,2.46279565385911e-54,TRUE
...L..F.,271,126,4,8.92787889361256e-59,TRUE
Y...Y...,274,82,8,3.40123286057101e-68,TRUE
....Y..F,344,75,8,3.20830355793981e-97,TRUE
.C.CF...,198,29,2,6.28607406896201e-65,TRUE
...Y..F.,362,107,10,1.22049369718033e-90,TRUE
F.VY....,137,22,2,1.10309020726205e-43,TRUE
....F.Y.,303,79,3,4.78990592068235e-83,TRUE
C..C...R,153,42,1,7.77109157568743e-42,TRUE
.I....F.,274,144,8,7.77280279099655e-55,TRUE
F.....Y.,637,195,10,2.53746193326811e-161,TRUE
F....C.Y,143,12,1,7.52160209225306e-53,TRUE
FY..Y...,99,12,0,5.46621468351856e-35,TRUE
.C.C.F..,242,32,5,2.47001036386936e-79,TRUE
F.CY....,155,24,1,1.11917072061852e-50,TRUE
.....YD.,315,175,10,1.83618614392059e-61,TRUE
CC.F....,204,52,2,1.28029534431517e-56,TRUE
Y..C...Y,69,5,0,8.63897548211195e-27,TRUE
.FV....Y,91,4,0,5.42156914058557e-37,TRUE
C..C.Y..,133,10,3,1.95017688779732e-48,TRUE
...FC..Y,89,4,2,1.49732867255169e-34,TRUE
Y......Y,307,49,3,3.61702220180145e-98,TRUE
C...C..Y,134,11,2,6.21315958684811e-49,TRUE
.C.C...C,250,52,4,3.98616428172582e-73,TRUE
F.V....Y,129,10,2,1.79176559275041e-47,TRUE
C..C...C,264,28,4,1.33910331119066e-91,TRUE
F.C....F,165,28,3,2.74113030371514e-51,TRUE
F......Y,827,135,15,6.6414819418613e-257,TRUE
.C..C..L,128,23,3,7.21486370897496e-39,TRUE
..CF..C.,166,32,2,2.11542269792051e-50,TRUE
...C.C.Y,140,15,1,1.21173615747058e-49,TRUE
F...F..C,146,44,6,1.44193860096229e-35,TRUE
F.C.C...,305,48,5,1.68242459876584e-96,TRUE
..C.C..C,229,21,8,2.17288517500464e-78,TRUE
..CF...F,100,16,0,3.91422915049597e-33,TRUE
..C.C..F,142,16,5,4.84199870749201e-47,TRUE
...IY...,222,58,5,3.08392981350426e-59,TRUE
Y.F.....,385,125,9,8.61910628787549e-94,TRUE
F..C..F.,196,44,4,1.61324178956116e-55,TRUE
FY.....C,214,52,6,6.60727085769677e-58,TRUE
..VC..F.,127,45,0,3.90772566712432e-32,TRUE
.C..C..F,182,20,2,1.70480220280201e-63,TRUE
......GY,501,226,16,1.83332445978255e-104,TRUE
FY..C...,221,52,3,1.77800714729604e-62,TRUE
..V....Y,632,165,10,5.61651386180954e-170,TRUE
.C..C.F.,174,19,3,5.05001540576139e-60,TRUE
C..C.L..,129,17,2,3.98596970083501e-43,TRUE
F.V.C...,221,68,5,2.08343265713049e-55,TRUE
F.F....C,167,54,3,1.06421646284982e-41,TRUE
.C.CY...,139,22,1,3.41248339936114e-45,TRUE
....Y.H.,189,91,11,2.59846014561017e-36,TRUE
.....YF.,332,85,8,1.45604444918318e-88,TRUE
C.LC....,160,20,2,2.77572979828965e-54,TRUE
Y......D,226,195,16,4.87162385720501e-39,TRUE
FC.C....,388,101,10,2.36712343479994e-102,TRUE
C.....CF,151,30,3,1.02603372181765e-44,TRUE
...FC..C,146,25,3,4.02365725389978e-45,TRUE
..F.C.C.,154,20,2,8.72544105483732e-52,TRUE
F.V...Y.,98,9,0,1.8627153903348e-36,TRUE
F...C..Y,142,12,3,6.17417193880769e-51,TRUE
F.CC....,333,87,6,2.00908402705731e-89,TRUE
F....CY.,116,25,3,3.36852423324999e-33,TRUE
C.....Y.,615,230,15,1.00728828759585e-140,TRUE
I...Y...,237,117,13,2.46559393804056e-45,TRUE
FY.....Y,111,13,1,1.11208155478571e-38,TRUE
..Y....L,245,155,12,2.18625644142142e-44,TRUE
F..FV...,184,58,4,6.48916452602287e-46,TRUE
C.VC.C..,53,0,1,6.7120309701965e-23,TRUE
CY....Y.,94,17,1,1.7362947889289e-29,TRUE
F.C.Y...,141,26,1,5.81344107489548e-44,TRUE
C.R.C...,116,57,0,4.60053202960755e-26,TRUE
C..C..G.,217,75,8,3.4530387818775e-50,TRUE
..C..C.Y,119,7,4,8.73720413599601e-44,TRUE
C.C.V...,183,60,2,3.7393592668518e-46,TRUE
.F.C..F.,131,34,4,1.07139147821495e-34,TRUE
.CLC....,176,33,2,6.42966241873191e-54,TRUE
...C..CC,211,42,1,2.78132175619423e-64,TRUE
YCF.....,86,13,0,5.22657180018802e-29,TRUE
FC..F...,230,60,10,1.73314104234155e-58,TRUE
.C...C.Y,150,27,2,2.07294467277097e-46,TRUE
..CC..C.,269,35,9,4.41751262619903e-86,TRUE
.C...Y.Y,75,2,0,1.25143854670341e-31,TRUE
..L.I...,213,109,14,3.83995821070166e-39,TRUE
....C.CF,147,14,1,3.09442628704021e-53,TRUE
.C..C.CC,46,1,0,7.29998338881429e-20,TRUE
FC..C...,359,45,7,4.80506159804232e-119,TRUE
....L..Y,241,65,6,3.82556822756415e-63,TRUE
.....CCY,107,10,1,7.23394643194208e-39,TRUE
C..C..V.,231,57,4,1.19228848532898e-63,TRUE
F.C.F...,182,51,7,1.02924876805454e-45,TRUE
C..CY...,144,14,2,3.17986817870776e-51,TRUE
....V.F.,515,275,15,6.17310050411845e-102,TRUE
C..C...I,118,19,1,3.37240061059055e-38,TRUE
