motif,toxic,neutral,anti.tox,pvalues,significant
.C..C.C.,291,15,2,1.9530421534315e-113,TRUE
C..C..C.,274,17,4,3.94734909886476e-103,TRUE
...F...Y,490,65,8,2.97718417822142e-161,TRUE
..C.C.C.,257,18,9,1.7260004316357e-91,TRUE
..CC...Y,131,7,1,3.32551289171099e-51,TRUE
C...C.C.,252,28,4,1.4747893714624e-86,TRUE
C..C.C..,318,11,1,6.19898821212436e-129,TRUE
...I...Y,254,46,8,6.52538631207297e-75,TRUE
F...C.C.,299,54,2,4.71939802354809e-93,TRUE
.Y.....Y,549,70,8,6.97582087071829e-183,TRUE
C..CF...,201,18,1,1.50898774924362e-73,TRUE
......YL,255,115,7,3.68810310819761e-54,TRUE
.....F.Y,455,52,9,1.46627992563066e-153,TRUE
Y......Y,307,49,3,3.61702220180145e-98,TRUE
.C..C..C,287,26,1,7.80585626212517e-105,TRUE
...Y...F,419,96,7,4.93249808660431e-118,TRUE
......RY,385,132,12,5.05401005740778e-90,TRUE
F...C..C,279,51,4,3.98050840544738e-85,TRUE
...F..Y.,390,111,4,3.45399628831591e-103,TRUE
....C.CC,221,16,2,1.15801306212114e-82,TRUE
..F.C.C.,154,20,2,8.72544105483732e-52,TRUE
...Y..Y.,302,50,2,2.66544844967042e-96,TRUE
......YY,260,19,3,1.6580061001678e-96,TRUE
...I...F,293,90,8,1.86347650361944e-72,TRUE
.....Y.Y,329,42,5,1.03283458976828e-109,TRUE
C.CC....,327,22,7,4.57627485430598e-120,TRUE
...C..Y.,592,222,9,1.69606399470908e-138,TRUE
....Y..R,302,161,12,2.06840442095711e-58,TRUE
....L.F.,289,123,11,5.50643618206405e-61,TRUE
C..C.F..,204,21,1,6.97752374462583e-73,TRUE
.CC.C...,307,14,4,1.70536627625214e-119,TRUE
.C.CC...,331,22,3,8.26857733435387e-125,TRUE
...V...Y,409,135,9,2.8730716274667e-99,TRUE
...C.CC.,249,20,4,2.18607766812422e-90,TRUE
C...C..C,218,30,2,1.2437446345743e-72,TRUE
...CF.C.,146,19,5,5.65909551590986e-47,TRUE
.....I.Y,261,77,3,3.68053841855211e-68,TRUE
C.C.C...,294,13,8,1.45851896425442e-111,TRUE
F....C.Y,143,12,1,7.52160209225306e-53,TRUE
.C.C..F.,202,41,3,7.73186021239181e-60,TRUE
F..C...F,191,47,3,5.32208264019544e-53,TRUE
......LF,337,162,11,1.00521162180124e-68,TRUE
...L...F,281,106,5,1.53846650856392e-65,TRUE
Y.....F.,333,119,7,1.32495144783984e-78,TRUE
..I....Y,227,63,2,3.83694690680763e-61,TRUE
...CC..L,131,34,3,2.62604327397682e-35,TRUE
..L....Y,285,56,4,3.90872473225469e-85,TRUE
C.FC....,203,26,0,3.76241603323061e-70,TRUE
.C....CC,233,77,2,1.02131318936434e-58,TRUE
.C..C.F.,174,19,3,5.05001540576139e-60,TRUE
......FF,409,103,9,4.02226764324632e-110,TRUE
V.....Y.,391,181,14,4.53700993465735e-80,TRUE
FC.....Y,172,20,5,3.4988223582047e-57,TRUE
CC..C...,309,16,2,1.88007576529129e-120,TRUE
..F....Y,373,68,7,1.50624485283708e-112,TRUE
...C...Y,740,163,10,3.1937098317907e-212,TRUE
C.C..C..,284,4,2,5.57320835211711e-119,TRUE
F.....CC,265,45,5,8.54469787360282e-82,TRUE
....Y..F,344,75,8,3.20830355793981e-97,TRUE
.H.....Y,212,66,9,1.7167010852835e-50,TRUE
......VF,558,191,15,1.29064143188975e-131,TRUE
C..CL...,135,16,2,3.29835573325277e-46,TRUE
.F.....Y,543,119,11,8.15676189097978e-154,TRUE
C.C...C.,266,22,8,2.23128088977843e-93,TRUE
....Y..Y,307,40,8,1.20891954575728e-99,TRUE
......CY,552,165,10,2.21488504110622e-140,TRUE
.C..C..F,182,20,2,1.70480220280201e-63,TRUE
F.V.F...,157,27,1,6.38262193176228e-50,TRUE
...C.C.F,166,18,2,5.36001970680761e-58,TRUE
F...C..F,172,32,2,8.44941583752207e-53,TRUE
C..C..V.,231,57,4,1.19228848532898e-63,TRUE
......IF,251,80,7,3.48208586611028e-61,TRUE
FC....F.,204,48,4,6.10953277075041e-57,TRUE
C.C....Y,131,14,4,2.50370325386576e-44,TRUE
FC....C.,337,89,1,2.35617910360704e-93,TRUE
C.C....C,241,25,5,4.64237888294762e-83,TRUE
.C.C...Y,160,20,2,2.77572979828965e-54,TRUE
.C.CF...,198,29,2,6.28607406896201e-65,TRUE
..V....Y,632,165,10,5.61651386180954e-170,TRUE
..C..F.Y,82,5,2,7.8894872170384e-31,TRUE
......YC,463,190,17,4.74654385493982e-99,TRUE
Y...Y...,274,82,8,3.40123286057101e-68,TRUE
...C.C.Y,140,15,1,1.21173615747058e-49,TRUE
...L...Y,273,64,3,1.46865391645785e-77,TRUE
...CC.C.,266,21,11,6.38918731111534e-92,TRUE
F...F.C.,182,32,6,3.54971652771509e-54,TRUE
.....Y.D,279,143,17,1.10687819397956e-51,TRUE
CC.C....,373,42,1,4.98980675330023e-131,TRUE
......DC,366,367,60,3.55766087743849e-52,TRUE
.C.FC...,190,19,2,1.72175377968129e-67,TRUE
.FC.C...,186,25,4,8.31578727046029e-61,TRUE
.C.C..C.,304,21,3,6.06556339305906e-114,TRUE
F..YC...,151,21,3,2.80775109940704e-49,TRUE
.CF.C...,197,23,3,3.0261220492831e-67,TRUE
F....F.Y,101,8,3,3.65044494195826e-36,TRUE
C..C...F,182,8,5,2.44429327477861e-69,TRUE
.V.....Y,311,126,12,8.43921611219217e-67,TRUE
..C....Y,634,144,18,4.52267061493179e-174,TRUE
...G...Y,362,187,15,2.88237925716994e-70,TRUE
C...C.F.,137,17,2,1.87846083975578e-46,TRUE
